<application>
  <component name="IntentionManagerSettings">
    <ignoreAction name="Go/Add comment" />
    <ignoreAction name="Go/Add dot import alias" />
    <ignoreAction name="Go/Add format string argument" />
    <ignoreAction name="Go/Add import alias" />
    <ignoreAction name="Go/Add keys and delete zero values" />
    <ignoreAction name="Go/Convert to short var declaration" />
    <ignoreAction name="Go/Convert to var declaration" />
    <ignoreAction name="Go/Expand signature types" />
    <ignoreAction name="Go/Export" />
    <ignoreAction name="Go/Fill all fields" />
    <ignoreAction name="Go/Fill all fields recursively" />
    <ignoreAction name="Go/Fill fields..." />
    <ignoreAction name="Go/Flip binary operator" />
    <ignoreAction name="Go/Generate constructor" />
    <ignoreAction name="Go/Generate getter" />
    <ignoreAction name="Go/Generate getter and setter" />
    <ignoreAction name="Go/Generate setter" />
    <ignoreAction name="Go/Go to implementation(s)..." />
    <ignoreAction name="Go/Go to interface..." />
    <ignoreAction name="Go/Implement interface" />
    <ignoreAction name="Go/Invert if" />
    <ignoreAction name="Go/Move field assignment to struct initialization" />
    <ignoreAction name="Go/Negate expression" />
    <ignoreAction name="Go/Negate expression recursively" />
    <ignoreAction name="Go/Negate topmost expression" />
    <ignoreAction name="Go/Negate topmost expression recursively" />
    <ignoreAction name="Go/Remove dot import alias" />
    <ignoreAction name="Go/Remove keys from struct literal" />
    <ignoreAction name="Go/Reuse signature types" />
    <ignoreAction name="Go/Run go generate on comment" />
    <ignoreAction name="Go/Run go generate on file" />
    <ignoreAction name="Go/Run go generate on package" />
    <ignoreAction name="Go/Specify dot type" />
    <ignoreAction name="Go/Specify type explicitly" />
    <ignoreAction name="Go/Declarations/Add parens to declaration" />
    <ignoreAction name="Go/Declarations/Merge all declarations" />
    <ignoreAction name="Go/Declarations/Merge declaration up" />
    <ignoreAction name="Go/Declarations/Merge declaration up via comma" />
    <ignoreAction name="Go/Declarations/Remove parens from declaration" />
    <ignoreAction name="Go/Declarations/Split all declarations" />
    <ignoreAction name="Go/Declarations/Split declarations by comma" />
    <ignoreAction name="Go/Declarations/Split declarations into two groups" />
  </component>
</application>